Workbook

Sheet Users
A1: First Name | B1: Last Name | C1: Fathers Name | D1: Gender (Male/Female) | E1: Mobile | F1: Email | G1: UserName | H1: Role | I1: Designation | J1: Reporting Officer | K1: District(s) - comma separated

Sheet Districts
A1: District
A2: Agar-Malwa
A3: Alirajpur
A4: Anuppur
A5: Ashoknagar
A6: Balaghat
A7: Barwani
A8: Betul
A9: Bhind
A10: Bhopal
A11: Burhanpur
A12: Chhatarpur
... A56: Vidisha

Sheet Lists
A1: Role | B1: Designation | C1: Reporting Officer
A2: State Admin | B2: DM | C2: Indore Collectorate (indorecollectorateadmin)
A3: Nodal Officer | B3: Nodal | C3: Shivam Verma (jc@123)
A4: Reporting Officer | B4: Reporting Officer | C4: Edu_Indore ROl (edu_indore)
A5: Reporting Officer(Limited Access) | B5: Surveyor | C5: bharat Mishra (bharat@123)
A6: Users | C6: Indore_EDU ROL (indore_edu)
A7: Inspector | C7: education_Ind_dpt ROL (education_ind_dpt)
C8: Women Child Development (womenchild)
C9: Indore_EDU ROL (indore_edu1)
C10: WCD HOD (wcdindore)
C11: agriculture RoP (agricultureroindore)
C12: nidhi chauhan (nc@1234)
C13: =Users!G2
C14: =Users!G3
C15: =Users!G4
C16: =Users!G5
C17: =Users!G6
C18: =Users!G7
C19: =Users!G8
C20: =Users!G9
C21: =Users!G10
C22: =Users!G11
C23: =Users!G12
C24: =Users!G13
... C62: =Users!G51
